run_name,error,seed
original_dynamic_tree,0.006462022662162781,42
original_dynamic_tree,0.008464391343295574,142
original_dynamic_tree,0.006109496578574181,242
original_dynamic_tree,0.004663167521357536,342
original_dynamic_tree,0.006844760850071907,442
original_fixed_tree,1.609198261576239e-05,42
original_fixed_tree,8.624007932667155e-06,142
original_fixed_tree,8.70988515089266e-06,242
original_fixed_tree,8.043092748266645e-06,342
original_fixed_tree,1.0078349077957682e-05,442
fixed_eq9,5.5742205518072296e-08,42
fixed_eq9,5.19409297794482e-08,142
fixed_eq9,4.765858818700508e-08,242
fixed_eq9,4.8625434345694885e-08,342
fixed_eq9,5.414722181740217e-08,442
fixed_eq9_eq12,5.5742205518072296e-08,42
fixed_eq9_eq12,5.19409297794482e-08,142
fixed_eq9_eq12,4.765858818700508e-08,242
fixed_eq9_eq12,4.8625434345694885e-08,342
fixed_eq9_eq12,5.414722181740217e-08,442
fixed_eq9_eq12_eq13,5.5742205518072296e-08,42
fixed_eq9_eq12_eq13,5.19409297794482e-08,142
fixed_eq9_eq12_eq13,4.765858818700508e-08,242
fixed_eq9_eq12_eq13,4.8625434345694885e-08,342
fixed_eq9_eq12_eq13,5.414722181740217e-08,442
