run_name,error,seed
original_dynamic_tree,0.001410942175425589,42
original_dynamic_tree,0.006144166924059391,142
original_dynamic_tree,0.002124820137396455,242
original_dynamic_tree,0.002272251760587096,342
original_dynamic_tree,0.0036785255651921034,442
original_fixed_tree,4.116305262868991e-06,42
original_fixed_tree,4.564953997032717e-06,142
original_fixed_tree,5.945612429059111e-07,242
original_fixed_tree,6.618886345677311e-06,342
original_fixed_tree,3.880136773659615e-06,442
fixed_eq9,1.347921880778813e-07,42
fixed_eq9,1.4262857916946814e-07,142
fixed_eq9,1.2117173753267707e-07,242
fixed_eq9,1.9413262464240688e-07,342
fixed_eq9,1.5547117016012635e-07,442
fixed_eq9_eq12,1.347921880778813e-07,42
fixed_eq9_eq12,1.4262857916946814e-07,142
fixed_eq9_eq12,1.2117173753267707e-07,242
fixed_eq9_eq12,1.9413262464240688e-07,342
fixed_eq9_eq12,1.5547117016012635e-07,442
fixed_eq9_eq12_eq13,1.347921880778813e-07,42
fixed_eq9_eq12_eq13,1.4262857916946814e-07,142
fixed_eq9_eq12_eq13,1.2117173753267707e-07,242
fixed_eq9_eq12_eq13,1.9413262464240688e-07,342
fixed_eq9_eq12_eq13,1.5547117016012635e-07,442
